,PLAYER_ID,LEAGUE_ID,Team_ID,GP,GS,MIN,FGM,FGA,FG_PCT,FG3M,FG3A,FG3_PCT,FTM,FTA,FT_PCT,OREB,DREB,REB,AST,STL,BLK,TOV,PF,PTS
0,203500,00,0,525,461,14092.0,2136,3629,0.588591,1,10,0.1,867,1555,0.557556,1812,2177,3989,610,468,529,749,1373,5140
1,1628991,00,0,112,110,3027.0,626,1290,0.485271,186,482,0.385892,274,363,0.75482,126,400,526,140,88,169,192,439,1712
2,1629713,00,0,34,0,218.0,33,78,0.423076,9,26,0.346153,10,21,0.47619,6,24,30,16,6,9,8,16,85
3,2544,00,0,1258,1257,48328.0,12424,24654,0.503934,1860,5409,0.343871,7379,10044,0.734667,1502,7851,9353,9298,2011,951,4402,2313,34087
4,1628518,00,0,30,0,143.0,15,30,0.5,0,0,0.0,12,22,0.545454,16,28,44,7,4,6,4,15,42
5,1629610,00,0,6,0,19.0,3,7,0.428571,1,4,0.25,0,0,0.0,1,0,1,1,1,0,0,3,7
6,1629660,00,0,28,0,315.0,37,106,0.349056,13,47,0.276595,11,14,0.785714,6,35,41,43,14,3,18,28,98
7,1628993,00,0,27,0,118.0,11,31,0.354838,1,2,0.5,8,14,0.571428,11,26,37,3,1,3,3,13,31
8,1629168,00,0,15,0,96.0,14,36,0.388888,4,13,0.307692,4,4,1.0,3,11,14,2,4,0,5,4,36
9,1629661,00,0,49,1,996.0,136,325,0.418461,91,229,0.397379,35,46,0.760869,39,101,140,52,30,16,29,72,398
10,201949,00,0,634,220,13081.0,1992,4177,0.476897,324,1046,0.309751,747,1078,0.692949,517,1767,2284,1355,497,570,928,1421,5055
11,1629640,00,0,9,0,92.0,16,31,0.516129,2,5,0.4,7,10,0.7,5,12,17,6,5,1,3,9,41
12,1626169,00,0,305,64,6255.0,743,1996,0.372244,239,821,0.291108,283,370,0.764864,164,822,986,431,270,66,351,592,2008
13,204020,00,0,301,71,7740.0,1136,2642,0.429977,371,1036,0.358108,503,653,0.77029,170,786,956,735,267,136,349,572,3146
14,203999,00,0,373,332,10817.0,2433,4639,0.524466,338,999,0.338338,1115,1351,0.825314,971,2638,3609,2032,415,264,935,1062,6319
15,1627745,00,0,104,49,1470.0,193,290,0.665517,2,9,0.222222,92,136,0.67647,119,199,318,65,40,72,54,241,480
16,1626145,00,0,312,40,5606.0,663,1540,0.430519,174,505,0.344554,233,290,0.803448,65,418,483,1108,314,25,232,315,1733
17,1627884,00,0,163,45,3193.0,415,821,0.505481,68,246,0.276422,207,300,0.69,213,357,570,115,118,104,90,324,1105
18,201599,00,0,875,713,24327.0,3337,4985,0.669408,1,11,0.090909,1626,3431,0.473914,2801,6650,9451,818,508,1401,1209,2296,8301
19,202709,00,0,592,117,12894.0,1599,3623,0.441346,284,858,0.331002,588,768,0.765625,298,1228,1526,1703,452,132,584,894,4070
20,1629662,00,0,12,0,64.0,14,32,0.4375,9,20,0.45,5,5,1.0,1,10,11,2,2,2,2,9,42
21,1626163,00,0,314,36,6969.0,1107,2620,0.422519,377,1081,0.348751,519,693,0.748917,241,1039,1280,523,145,118,274,497,3110
22,202683,00,0,634,222,13839.0,3013,5559,0.542003,43,150,0.286666,1293,1666,0.77611,1856,2974,4830,539,257,298,974,1381,7362
23,1628379,00,0,164,44,3821.0,585,1327,0.440844,260,647,0.401854,183,212,0.863207,42,415,457,353,82,29,169,243,1613
24,1629742,00,0,4,0,15.0,0,3,0.0,0,1,0.0,0,0,0.0,0,3,3,1,0,0,2,3,0
25,203077,00,0,442,356,10929.0,1459,3079,0.473855,28,103,0.271844,796,1113,0.715184,701,1707,2408,514,296,303,397,951,3742
26,1629663,00,0,10,0,62.0,8,21,0.380952,4,11,0.363636,0,3,0.0,1,9,10,5,2,0,2,10,20
27,1628467,00,0,209,74,4403.0,540,1161,0.465116,224,632,0.35443,171,213,0.802816,260,658,918,198,82,203,132,410,1475
28,202688,00,0,446,349,13138.0,2250,5474,0.411033,711,2012,0.353379,1058,1313,0.805788,236,1141,1377,1769,385,75,1086,884,6269
29,1628995,00,0,140,61,3324.0,482,1315,0.366539,190,563,0.337477,228,327,0.697247,89,430,519,143,66,52,159,281,1382
30,1629723,00,0,15,0,167.0,23,35,0.657142,4,9,0.444444,1,2,0.5,18,28,46,21,7,3,6,7,51
31,1627788,00,0,126,19,2157.0,328,787,0.416772,178,478,0.372384,91,120,0.758333,34,232,266,126,67,18,79,163,925
32,1628436,00,0,102,33,1669.0,238,595,0.4,129,380,0.339473,66,85,0.77647,61,222,283,112,44,84,51,123,671
33,2594,00,0,1224,422,31056.0,4088,9244,0.442232,2437,5685,0.428671,1290,1472,0.876358,344,3281,3625,2107,799,403,1284,2512,11903
34,1629066,00,0,102,50,1794.0,262,583,0.449399,83,249,0.333333,89,120,0.741666,74,269,343,85,58,28,112,212,696
35,1628398,00,0,201,112,6042.0,1218,2714,0.448784,357,1092,0.326923,431,588,0.732993,196,911,1107,388,111,81,358,436,3224
36,203897,00,0,353,266,10857.0,2250,5035,0.446871,646,1721,0.375363,1094,1336,0.818862,163,1116,1279,1275,336,95,897,781,6240
37,1627746,00,0,148,43,2595.0,429,872,0.491972,30,85,0.352941,181,242,0.747933,223,438,661,152,53,99,151,314,1069
38,203087,00,0,481,128,10196.0,1874,4218,0.444286,494,1457,0.339052,790,928,0.851293,252,1536,1788,770,352,173,407,793,5032
39,1629641,00,0,27,1,298.0,24,64,0.375,5,23,0.217391,16,23,0.695652,14,18,32,6,8,6,9,29,69
40,1629724,00,0,5,0,9.0,0,3,0.0,0,1,0.0,0,2,0.0,0,1,1,0,0,0,0,0,0
41,1627774,00,0,164,37,2241.0,337,739,0.456021,100,324,0.308641,89,123,0.723577,83,231,314,90,63,47,86,198,863
42,1627747,00,0,207,86,5295.0,950,2207,0.430448,264,772,0.341968,401,564,0.710992,151,607,758,724,217,51,379,399,2565
43,1628388,00,0,136,2,1174.0,193,388,0.497422,31,87,0.356321,36,59,0.610169,93,178,271,39,22,26,29,98,453
44,1629665,00,0,4,0,26.0,4,10,0.4,0,4,0.0,2,2,1.0,0,0,0,2,0,0,1,2,10
45,201584,00,0,811,518,21940.0,2961,6567,0.45089,876,2259,0.387782,967,1134,0.852733,364,1763,2127,1353,809,213,762,1339,7765
46,1627814,00,0,96,47,2202.0,331,790,0.418987,127,367,0.346049,151,177,0.853107,51,323,374,175,82,7,92,169,940
47,203458,00,0,461,180,9095.0,1408,2846,0.494729,94,285,0.329824,773,1120,0.690178,943,1950,2893,392,190,459,572,1225,3683
48,202695,00,0,518,491,16047.0,3465,7055,0.491141,748,1964,0.380855,1942,2273,0.854377,639,2684,3323,1377,921,344,819,891,9620
49,203086,00,0,442,91,7081.0,952,1969,0.483494,322,822,0.391727,257,316,0.813291,318,1400,1718,391,82,127,303,956,2483
50,203081,00,0,607,607,22045.0,4808,11024,0.436139,1732,4663,0.371434,3238,3643,0.888827,377,2162,2539,3932,592,192,1683,1213,14586
51,1629642,00,0,48,5,572.0,65,151,0.430463,14,59,0.237288,28,44,0.636363,31,77,108,22,13,14,15,72,172
52,1626172,00,0,224,36,3121.0,418,733,0.570259,6,40,0.15,137,228,0.600877,353,479,832,214,107,132,112,417,979
53,201572,00,0,778,740,23798.0,5012,10148,0.49389,520,1539,0.337881,2540,3207,0.792017,1635,3332,4967,1185,452,1398,1398,2104,13084
54,201577,00,0,826,584,18511.0,3040,5744,0.529247,44,147,0.299319,1149,1530,0.75098,1908,2283,4191,683,199,968,908,1616,7273
55,201567,00,0,713,630,22802.0,4280,9673,0.442468,1223,3302,0.370381,3210,3875,0.828387,1972,5972,7944,1696,486,322,1411,1499,12993
56,200768,00,0,908,672,28684.0,4289,10136,0.423145,1685,4602,0.366145,3118,3854,0.809029,734,3171,3905,5623,1226,263,2101,2468,13381
57,1627789,00,0,210,33,3336.0,405,1038,0.390173,178,544,0.327205,234,284,0.823943,74,335,409,180,78,29,164,405,1222
58,1626168,00,0,351,94,6322.0,980,2263,0.433053,313,918,0.340958,329,465,0.707526,277,1211,1488,375,140,123,297,513,2602
59,1629133,00,0,12,0,104.0,11,30,0.366666,6,13,0.461538,4,7,0.571428,2,10,12,8,1,0,8,9,32
60,203705,00,0,26,0,254.0,20,61,0.327868,9,26,0.346153,9,10,0.9,3,22,25,62,11,2,14,20,58
61,101133,00,0,618,133,10351.0,1201,2254,0.53283,8,50,0.16,799,1305,0.61226,937,1768,2705,357,357,443,601,1635,3209
62,1627748,00,0,255,65,3549.0,415,958,0.433194,130,395,0.329113,226,336,0.672619,210,498,708,157,94,169,139,453,1186
63,1629611,00,0,35,6,271.0,22,54,0.407407,3,12,0.25,9,12,0.75,4,29,33,38,8,5,14,36,56
64,1626246,00,0,223,19,2157.0,512,887,0.577226,8,25,0.32,345,447,0.771812,307,579,886,119,51,80,160,267,1377
65,1628374,00,0,170,169,5194.0,967,2248,0.43016,374,1050,0.35619,436,514,0.848249,213,1078,1291,228,118,96,249,321,2744
66,1628997,00,0,18,1,317.0,37,84,0.440476,20,37,0.54054,17,21,0.809523,10,28,38,23,12,7,15,32,111
67,1628998,00,0,48,3,903.0,89,207,0.429951,18,77,0.233766,42,65,0.646153,38,120,158,95,39,9,44,78,238
68,1629725,00,0,3,0,16.0,1,5,0.2,0,1,0.0,0,0,0.0,0,2,2,2,1,1,0,0,2
69,1629103,00,0,31,4,495.0,71,181,0.392265,25,96,0.260416,30,31,0.967741,12,84,96,23,7,9,20,51,197
70,1628412,00,0,96,2,1472.0,220,568,0.387323,47,160,0.29375,135,176,0.767045,39,142,181,242,52,14,107,110,622
71,1629726,00,0,18,0,227.0,24,56,0.428571,19,46,0.413043,31,34,0.911764,6,18,24,10,8,1,8,32,98
72,202083,00,0,786,725,25108.0,3546,8373,0.423504,1656,4347,0.380952,1618,1964,0.823828,404,1996,2400,1695,827,155,999,1706,10366
73,1627775,00,0,194,43,3341.0,291,695,0.418705,92,302,0.304635,81,104,0.778846,63,253,316,266,137,31,123,227,755
74,203468,00,0,473,376,14553.0,3353,7375,0.454644,997,2509,0.397369,1020,1233,0.82725,284,1260,1544,1464,404,177,824,1022,8723
75,204456,00,0,377,75,8104.0,1071,2178,0.491735,88,263,0.3346,189,243,0.777777,179,885,1064,1778,444,61,588,549,2419
76,1629667,00,0,16,0,293.0,33,70,0.471428,9,24,0.375,14,17,0.823529,15,50,65,13,8,3,11,36,89
77,203926,00,0,403,14,8039.0,1241,2669,0.464968,494,1195,0.413389,326,395,0.825316,143,739,882,339,77,40,246,567,3302
78,201580,00,0,694,310,12025.0,2350,4090,0.574572,5,33,0.151515,782,1321,0.591975,1298,2275,3573,274,281,1075,660,1507,5487
79,203585,00,0,212,115,4564.0,473,1150,0.411304,189,559,0.338103,115,179,0.642458,191,464,655,283,113,41,145,343,1250
80,1628035,00,0,126,6,1650.0,215,461,0.466377,59,192,0.307291,51,82,0.621951,119,248,367,46,42,24,59,214,540
81,1629162,00,0,30,2,590.0,87,178,0.488764,29,76,0.381578,26,39,0.666666,7,42,49,125,34,4,31,31,229
82,203463,00,0,431,253,10161.0,1384,3291,0.42054,593,1633,0.363135,497,637,0.780219,194,854,1048,461,285,83,507,959,3858
83,203895,00,0,123,9,1697.0,302,724,0.417127,83,234,0.3547,159,206,0.771844,34,191,225,167,45,30,87,147,846
84,1629740,00,0,52,6,889.0,123,278,0.442446,65,180,0.361111,44,60,0.733333,37,120,157,67,30,19,42,105,355
85,1629001,00,0,102,39,1995.0,248,609,0.407224,66,212,0.31132,108,134,0.80597,62,265,327,316,133,41,153,205,670
86,1629002,00,0,45,0,218.0,39,93,0.419354,0,3,0.0,19,25,0.76,19,43,62,19,7,6,20,18,97
87,203114,00,0,510,435,16083.0,3024,6609,0.457557,889,2267,0.392148,1351,1545,0.874433,302,2061,2363,1693,642,96,970,1326,8288
88,101139,00,0,848,303,17281.0,2883,7016,0.410917,1250,3487,0.358474,1092,1350,0.808888,363,1648,2011,914,601,254,724,1791,8108
89,203121,00,0,253,28,5162.0,523,1252,0.417731,327,856,0.382009,151,182,0.82967,49,374,423,346,110,61,163,510,1524
90,1626259,00,0,50,5,318.0,32,78,0.410256,24,61,0.393442,8,14,0.571428,6,28,34,12,6,5,9,27,96
91,201988,00,0,668,56,12928.0,2100,4879,0.430416,1053,2705,0.389279,576,677,0.850812,208,901,1109,1543,439,53,656,876,5829
92,200794,00,0,989,702,28795.0,5196,10591,0.490605,478,1395,0.342652,2987,4053,0.736984,2215,5049,7264,2238,1260,994,1750,3047,13857
93,1629003,00,0,52,16,880.0,142,304,0.467105,62,150,0.413333,44,58,0.75862,20,83,103,89,27,14,44,98,390
94,1628378,00,0,219,211,7402.0,1816,4127,0.440029,531,1497,0.354709,807,983,0.820956,155,733,888,877,290,70,600,575,4970
95,1628513,00,0,18,0,127.0,13,37,0.351351,5,23,0.217391,2,2,1.0,1,11,12,22,2,2,10,11,33
96,1629690,00,0,11,0,112.0,12,28,0.428571,6,15,0.4,2,4,0.5,7,3,10,4,4,0,2,17,32
97,1628370,00,0,191,1,3281.0,592,1499,0.394929,250,777,0.32175,204,240,0.85,51,309,360,322,82,44,212,240,1638
98,1629760,00,0,4,0,19.0,1,4,0.25,0,2,0.0,0,0,0.0,0,3,3,1,2,1,0,1,2
99,202734,00,0,566,189,12113.0,1860,4088,0.45499,542,1390,0.389928,319,433,0.73672,266,889,1155,1010,376,125,509,911,4581
100,1629630,00,0,59,59,1772.0,393,800,0.49125,51,139,0.366906,204,265,0.769811,44,164,208,409,54,15,191,90,1041
101,1629752,00,0,16,0,74.0,9,17,0.529411,1,5,0.2,0,0,0.0,5,14,19,2,0,1,3,7,19
102,202693,00,0,631,347,16145.0,2797,6237,0.448452,522,1516,0.344327,1134,1457,0.778311,799,2585,3384,1054,547,347,1011,1814,7250
103,1628420,00,0,150,14,3398.0,572,1192,0.479865,148,372,0.397849,118,145,0.813793,55,253,308,534,129,20,98,167,1410
104,202694,00,0,600,347,16177.0,2652,6151,0.431149,890,2425,0.36701,1054,1389,0.758819,584,2211,2795,905,421,168,721,1297,7248
105,1628405,00,0,46,4,373.0,90,163,0.552147,2,10,0.2,44,75,0.586666,35,75,110,26,11,5,30,51,226
106,1626144,00,0,294,164,7077.0,1207,3011,0.400863,273,844,0.323459,565,760,0.743421,137,736,873,1130,209,88,658,483,3252
107,1627749,00,0,177,106,3512.0,575,1262,0.455625,52,147,0.353741,201,272,0.73897,183,653,836,516,205,53,280,308,1403
108,1627750,00,0,293,218,8581.0,1672,3811,0.438729,537,1498,0.358477,682,773,0.882276,230,815,1045,1073,261,95,567,547,4563
109,1629058,00,0,44,0,444.0,59,161,0.366459,16,75,0.213333,33,46,0.717391,20,56,76,33,15,1,33,26,167
110,203488,00,0,348,28,5377.0,712,1545,0.460841,261,717,0.364016,261,311,0.839228,309,787,1096,322,123,173,219,511,1946
111,1629004,00,0,98,27,1705.0,212,545,0.38899,144,374,0.385026,69,90,0.766666,26,114,140,143,55,5,82,112,637
112,1627846,00,0,157,7,1971.0,241,584,0.412671,94,270,0.348148,98,137,0.715328,41,236,277,81,55,42,96,178,674
113,1626204,00,0,315,95,7396.0,1066,1984,0.537298,102,315,0.323809,328,472,0.694915,656,1438,2094,559,380,162,305,728,2562
114,203894,00,0,340,53,5876.0,790,1991,0.396785,340,982,0.346232,462,567,0.814814,103,542,645,840,283,46,435,396,2382
115,2403,00,0,965,626,25234.0,4175,7621,0.547828,7,53,0.132075,2552,3864,0.660455,1688,4140,5828,1719,1041,721,1688,2934,10909
116,203526,00,0,248,57,3381.0,443,996,0.444779,141,371,0.380053,140,178,0.786516,45,268,313,453,132,20,237,300,1167
117,1627777,00,0,149,0,1413.0,219,493,0.444219,121,306,0.395424,42,50,0.84,28,194,222,78,28,11,57,127,601
118,203457,00,0,355,166,7864.0,1183,2184,0.541666,2,7,0.285714,501,773,0.648124,689,1522,2211,418,469,492,483,894,2869
119,1629668,00,0,5,0,41.0,3,12,0.25,3,8,0.375,1,1,1.0,0,6,6,3,2,0,3,4,10
120,1629669,00,0,15,0,151.0,19,53,0.35849,3,26,0.115384,16,17,0.941176,3,10,13,19,3,1,3,11,57
121,1628373,00,0,178,51,3796.0,408,1115,0.365919,127,409,0.310513,123,157,0.783439,72,313,385,543,149,48,258,427,1066
122,1629134,00,0,62,62,1846.0,381,850,0.448235,131,362,0.361878,77,92,0.836956,19,149,168,210,51,11,101,142,970
123,203994,00,0,310,229,7103.0,1443,2936,0.491485,3,42,0.071428,719,1079,0.666357,776,1704,2480,589,261,400,635,956,3608
124,1628021,00,0,161,37,3296.0,412,837,0.492234,55,160,0.34375,234,354,0.661016,155,442,597,180,119,65,125,332,1113
125,1626220,00,0,215,75,4683.0,424,948,0.447257,192,505,0.380198,129,167,0.772455,69,791,860,382,137,68,175,457,1169
126,203124,00,0,469,64,6659.0,1078,2086,0.516778,31,138,0.224637,366,495,0.739393,626,1522,2148,627,187,451,456,958,2553
127,1628400,00,0,190,8,2636.0,197,505,0.390099,104,312,0.333333,74,108,0.685185,85,286,371,74,49,13,56,197,572
128,1626143,00,0,218,114,4436.0,1016,1896,0.535864,4,17,0.235294,356,528,0.674242,352,743,1095,211,67,187,324,472,2392
129,1629059,00,0,107,19,1665.0,186,471,0.394904,64,203,0.31527,83,114,0.72807,28,158,186,240,56,11,107,162,519
130,1629006,00,0,136,80,3305.0,366,906,0.403973,101,369,0.273712,270,353,0.764872,128,358,486,190,156,59,150,305,1103
131,1629644,00,0,5,0,26.0,3,5,0.6,0,1,0.0,1,2,0.5,1,4,5,1,2,1,1,2,7
132,203506,00,0,415,355,13697.0,2654,6015,0.44123,639,1827,0.349753,1260,1589,0.792951,256,1644,1900,1628,691,202,1061,994,7207
133,203482,00,0,492,100,10437.0,1726,3611,0.477983,553,1475,0.374915,734,950,0.772631,575,1800,2375,915,348,218,698,1359,4739
134,1629671,00,0,5,0,11.0,0,2,0.0,0,1,0.0,0,0,0.0,0,2,2,0,0,0,1,0,0
135,1626224,00,0,202,152,5027.0,716,1639,0.436851,285,782,0.36445,230,321,0.71651,103,605,708,390,136,30,237,433,1947
136,1626162,00,0,348,99,8375.0,1342,3111,0.431372,421,1281,0.328649,678,871,0.778415,283,1160,1443,327,315,158,360,902,3783
137,1629745,00,0,3,0,15.0,1,5,0.2,0,2,0.0,2,2,1.0,2,1,3,0,1,0,0,1,4
138,203953,00,0,280,190,8193.0,1699,3456,0.491608,201,621,0.323671,609,824,0.739077,427,1187,1614,585,263,111,512,596,4208
139,202718,00,0,440,369,13247.0,2129,4611,0.461721,687,1844,0.372559,626,878,0.712984,356,1616,1972,1201,412,152,657,865,5571
140,1629672,00,0,60,26,1654.0,318,640,0.496875,37,129,0.286821,164,212,0.773584,82,193,275,127,32,13,94,125,837
141,1628394,00,0,24,0,405.0,56,106,0.528301,0,2,0.0,32,54,0.592592,39,60,99,17,8,12,22,65,144
142,202335,00,0,673,99,14170.0,1780,3975,0.447798,578,1567,0.368857,389,517,0.752417,798,1896,2694,697,353,288,436,1058,4527
143,1628383,00,0,9,0,49.0,7,19,0.368421,1,6,0.166666,1,2,0.5,3,8,11,5,3,0,2,10,16
144,101108,00,0,1013,1013,35353.0,6556,13937,0.470402,1369,3705,0.3695,4230,4863,0.869833,662,3910,4572,9607,2220,131,2441,2481,18711
145,203901,00,0,387,331,11350.0,1750,3869,0.452313,158,546,0.289377,589,943,0.624602,438,1265,1703,2565,516,136,934,846,4247
146,1627780,00,0,61,23,768.0,91,220,0.413636,21,82,0.256097,10,22,0.454545,40,98,138,86,46,15,38,95,213
147,203658,00,0,20,0,178.0,18,35,0.514285,0,0,0.0,6,12,0.5,16,44,60,7,1,25,13,39,42
148,1629033,00,0,51,0,577.0,70,228,0.307017,27,126,0.214285,34,38,0.894736,14,76,90,77,23,4,51,50,201
149,203486,00,0,524,257,11319.0,1716,2989,0.574105,2,31,0.064516,935,1662,0.562575,1031,2228,3259,1154,395,485,771,1418,4369
150,1627751,00,0,271,38,4388.0,642,1007,0.637537,1,2,0.5,176,324,0.543209,525,753,1278,264,115,272,207,545,1461
151,1629738,00,0,21,0,114.0,16,33,0.484848,1,2,0.5,6,7,0.857142,10,24,34,7,2,6,6,23,39
152,1629044,00,0,4,0,11.0,3,5,0.6,1,2,0.5,2,2,1.0,0,1,1,2,0,1,0,2,9
153,1629673,00,0,57,14,1274.0,167,502,0.332669,74,265,0.279245,95,119,0.798319,9,109,118,134,35,10,74,94,503
154,1629645,00,0,50,3,1162.0,186,421,0.441805,53,158,0.335443,73,101,0.722772,22,140,162,109,46,14,93,135,498
155,1629008,00,0,48,1,670.0,141,285,0.494736,43,102,0.421568,33,43,0.767441,53,146,199,35,20,19,35,75,358
156,203490,00,0,413,295,11078.0,1768,3670,0.481743,551,1364,0.403958,463,587,0.788756,476,1561,2037,618,486,183,331,769,4550
157,1626171,00,0,315,54,6437.0,1295,2839,0.456146,270,749,0.36048,355,471,0.753715,546,1326,1872,380,158,94,341,579,3215
158,204001,00,0,237,236,7361.0,1545,3568,0.433015,409,1146,0.356893,794,995,0.797989,394,1406,1800,337,172,484,416,747,4293
159,203939,00,0,371,88,6956.0,1062,1885,0.563395,103,351,0.293447,640,866,0.73903,545,1166,1711,364,251,173,247,782,2867
160,1626181,00,0,299,86,5550.0,926,2025,0.457283,307,854,0.359484,372,456,0.815789,95,604,699,387,212,70,297,486,2531
161,1627752,00,0,260,200,6855.0,1069,2593,0.412263,478,1305,0.366283,392,479,0.818371,147,979,1126,503,238,113,479,564,3008
162,203944,00,0,375,295,10934.0,2274,4610,0.493275,168,570,0.294736,1316,1818,0.723872,816,2559,3375,1045,248,178,937,1189,6032
163,1629729,00,0,2,0,1.0,0,1,0.0,0,0,0.0,0,0,0.0,0,0,0,0,0,0,0,0,0
164,1629629,00,0,58,34,1551.0,213,554,0.384476,83,250,0.332,101,126,0.801587,35,181,216,87,62,28,96,132,610
165,200755,00,0,890,487,23086.0,3868,8636,0.447892,1860,4474,0.415735,1993,2236,0.891323,167,1661,1828,1800,408,84,994,1357,11589
166,1629675,00,0,30,11,495.0,100,243,0.411522,32,97,0.329896,37,53,0.698113,34,90,124,35,19,22,22,83,269
167,1629244,00,0,19,0,259.0,33,78,0.423076,21,51,0.411764,8,9,0.888888,4,27,31,13,6,2,5,26,95
168,1626196,00,0,307,236,9425.0,1393,3270,0.425993,489,1352,0.361686,522,641,0.814352,216,769,985,890,341,207,444,758,3797
169,203085,00,0,544,149,13323.0,1844,4416,0.417572,599,1719,0.348458,677,1058,0.639886,188,942,1130,1250,378,100,604,1197,4964
170,203460,00,0,295,269,6651.0,563,1168,0.48202,108,421,0.256532,122,261,0.467432,348,840,1188,257,264,195,181,641,1356
171,1629130,00,0,80,61,2110.0,304,659,0.461305,253,578,0.437716,52,59,0.881355,11,220,231,96,40,15,64,190,913
172,1629010,00,0,88,4,1069.0,119,326,0.36503,49,161,0.304347,26,38,0.68421,12,135,147,84,33,17,47,129,313
173,1629620,00,0,9,0,49.0,5,12,0.416666,3,5,0.6,0,0,0.0,1,4,5,7,0,1,3,2,13
174,1629011,00,0,127,26,2772.0,455,632,0.719936,0,0,0.0,165,283,0.583038,363,488,851,73,104,280,72,411,1075
175,203922,00,0,279,103,4887.0,640,1395,0.458781,174,468,0.371794,210,273,0.76923,190,531,721,218,144,55,142,255,1664
176,1629676,00,0,3,0,11.0,0,1,0.0,0,0,0.0,0,0,0.0,0,2,2,0,0,0,1,1,0
177,200765,00,0,873,729,27103.0,3723,8125,0.458215,382,1207,0.316487,1081,1783,0.606281,877,3254,4131,7215,1451,115,2439,1888,8909
178,201565,00,0,596,504,19401.0,4375,9589,0.456251,469,1541,0.304347,1966,2378,0.826745,497,1534,2031,3334,450,204,1576,777,11185
179,203082,00,0,555,176,13666.0,2241,5328,0.420608,1053,2837,0.371166,558,676,0.825443,199,1370,1569,609,469,186,500,963,6093
180,1626179,00,0,335,93,7598.0,1152,2924,0.39398,507,1368,0.370614,413,508,0.812992,209,1040,1249,890,260,62,355,442,3224
181,201937,00,0,555,534,17172.0,2030,5196,0.390685,479,1471,0.325628,1730,2060,0.839805,372,1985,2357,4324,1047,75,1518,1449,6269
182,1626156,00,0,317,269,9204.0,2040,4858,0.419925,747,2098,0.356053,705,913,0.772179,178,998,1176,1666,364,79,919,592,5532
183,1627734,00,0,291,152,7439.0,1403,2690,0.521561,90,280,0.321428,634,878,0.722095,586,1735,2321,755,174,124,550,854,3530
184,1629677,00,0,1,0,12.0,0,4,0.0,0,2,0.0,0,0,0.0,0,2,2,3,0,0,0,0,0
185,203960,00,0,199,88,3103.0,407,879,0.463026,57,227,0.251101,181,273,0.663003,122,400,522,145,82,93,165,376,1052
186,203967,00,0,298,200,7903.0,1305,2983,0.437479,454,1277,0.35552,561,672,0.834821,481,1354,1835,620,187,74,500,636,3625
187,203107,00,0,275,151,6403.0,756,1612,0.468982,184,499,0.368737,335,410,0.817073,255,594,849,1131,240,41,371,498,2031
188,1629678,00,0,27,2,293.0,30,75,0.4,14,47,0.297872,9,13,0.692307,6,28,34,14,8,3,7,41,83
189,203471,00,0,494,176,12607.0,2632,6043,0.435545,561,1669,0.336129,1143,1381,0.827661,202,1199,1401,2254,390,61,1166,942,6968
190,203118,00,0,499,21,8243.0,1339,2926,0.457621,434,1197,0.362573,361,475,0.76,360,1224,1584,451,156,60,336,739,3473
191,200757,00,0,869,475,19060.0,1916,4264,0.449343,513,1468,0.349455,649,887,0.731679,626,2626,3252,1196,935,366,755,1418,4994
192,1629012,00,0,147,137,4748.0,1032,2292,0.450261,216,551,0.392014,440,522,0.842911,118,322,440,435,109,13,343,328,2720
193,1629013,00,0,126,54,3096.0,386,908,0.42511,272,664,0.409638,132,156,0.846153,27,197,224,204,56,19,81,285,1176
194,1629621,00,0,2,0,10.0,1,5,0.2,1,3,0.333333,0,0,0.0,0,3,3,1,0,0,1,0,3
195,202697,00,0,459,246,11460.0,1224,3126,0.391554,489,1447,0.33794,381,499,0.763527,323,1210,1533,845,513,120,529,1058,3318
196,1627783,00,0,269,175,6968.0,1334,2648,0.503776,224,673,0.332838,533,696,0.765804,324,1173,1497,615,214,188,386,667,3425
197,1629735,00,0,41,0,307.0,43,69,0.623188,0,2,0.0,34,49,0.693877,54,55,109,21,9,18,31,80,120
198,1627732,00,0,214,214,7362.0,1445,2575,0.561165,2,23,0.086956,626,1053,0.594491,425,1354,1779,1713,367,163,744,593,3518
199,1628424,00,0,33,12,645.0,80,189,0.42328,11,39,0.282051,25,25,1.0,14,36,50,68,18,5,44,61,196
200,1629014,00,0,85,5,1540.0,239,588,0.406462,84,248,0.338709,85,108,0.787037,28,132,160,108,27,10,72,140,647
201,1629346,00,0,14,0,139.0,20,40,0.5,3,13,0.230769,16,19,0.842105,10,17,27,13,3,4,11,14,59
202,203935,00,0,394,182,11409.0,1296,3469,0.373594,575,1808,0.31803,721,932,0.773605,355,1053,1408,1594,615,148,670,1027,3888
203,202397,00,0,602,161,12087.0,1974,4590,0.430065,251,790,0.317721,448,660,0.678787,214,1256,1470,2334,432,144,760,787,4647
204,1629015,00,0,13,2,143.0,17,45,0.377777,6,19,0.315789,8,12,0.666666,3,12,15,12,5,2,8,12,48
205,1628372,00,0,156,122,4095.0,754,1885,0.4,189,601,0.314475,260,402,0.646766,103,390,493,708,166,46,406,346,1957
206,203503,00,0,501,275,11278.0,1178,2755,0.427586,621,1611,0.385474,259,309,0.838187,138,1018,1156,582,237,118,289,701,3236
207,1629034,00,0,14,3,148.0,25,47,0.531914,0,3,0.0,4,12,0.333333,15,33,48,5,9,8,9,23,54
208,1629016,00,0,95,14,1691.0,225,539,0.417439,87,238,0.365546,105,137,0.766423,149,264,413,94,59,49,85,130,642
209,1629622,00,0,2,0,6.0,2,3,0.666666,0,1,0.0,1,1,1.0,1,0,1,0,0,0,0,1,5
210,1628410,00,0,49,4,558.0,70,176,0.397727,17,65,0.261538,25,39,0.641025,19,43,62,49,27,13,29,62,182
211,1628403,00,0,75,4,655.0,70,160,0.4375,2,17,0.117647,27,44,0.613636,59,159,218,56,14,11,73,127,169
212,1628369,00,0,218,218,6941.0,1362,2984,0.456434,388,973,0.398766,633,765,0.82745,177,1120,1297,470,250,168,368,459,3745
213,201952,00,0,771,593,21214.0,3425,7700,0.444805,672,1885,0.356498,2168,2568,0.844236,259,1642,1901,4453,902,265,1739,1486,9690
214,202066,00,0,569,242,11976.0,1277,3168,0.403093,550,1586,0.346784,478,652,0.733128,227,1062,1289,975,481,178,535,1078,3582
215,1628464,00,0,187,62,3226.0,488,881,0.553916,70,206,0.339805,198,263,0.752851,307,572,879,219,86,165,137,519,1244
216,202738,00,0,525,361,15181.0,3091,7096,0.435597,1011,2781,0.363538,2315,2654,0.872268,278,1009,1287,2599,464,56,1221,1109,9508
217,1629017,00,0,34,0,257.0,27,86,0.313953,15,49,0.306122,9,15,0.6,5,16,21,11,10,5,7,31,78
218,1629744,00,0,33,0,321.0,54,111,0.486486,35,75,0.466666,7,10,0.7,7,41,48,17,8,0,12,31,150
219,202691,00,0,615,578,20338.0,4512,9822,0.459376,1798,4290,0.419114,1173,1384,0.847543,273,1857,2130,1416,561,332,1053,1313,11995
220,202684,00,0,619,429,17373.0,2344,4524,0.518125,9,32,0.28125,1142,1871,0.610368,2115,3278,5393,624,317,447,718,1438,5839
221,1629680,00,0,57,13,1110.0,96,234,0.410256,50,142,0.352112,25,41,0.609756,35,51,86,70,80,40,45,120,267
222,201229,00,0,711,101,13960.0,1451,3494,0.415283,851,2282,0.372918,646,838,0.770883,538,1847,2385,639,265,213,455,1154,4399
223,1626157,00,0,358,358,12307.0,3063,5741,0.53353,507,1280,0.396093,1480,1781,0.830993,1121,3088,4209,992,278,523,904,1180,8113
224,1629018,00,0,68,9,1170.0,165,400,0.4125,83,222,0.373873,33,43,0.767441,21,78,99,55,40,15,23,73,446
225,1629019,00,0,88,4,1749.0,283,624,0.453525,71,185,0.383783,213,266,0.800751,37,189,226,147,31,18,138,146,850
226,200782,00,0,646,470,18929.0,1726,4079,0.423142,677,1869,0.362225,631,842,0.749406,1016,2748,3764,925,783,200,652,1604,4760
227,1629730,00,0,14,0,78.0,8,19,0.421052,0,6,0.0,3,5,0.6,2,11,13,2,1,0,3,7,19
228,202323,00,0,705,295,18939.0,2748,6331,0.434054,270,917,0.294438,1058,1353,0.781966,388,2890,3278,2462,532,184,1267,1380,6824
229,1626167,00,0,335,302,9492.0,1627,3335,0.487856,252,711,0.35443,749,975,0.768205,471,1758,2229,410,239,695,436,939,4255
230,202685,00,0,551,523,13931.0,2706,4814,0.56211,74,205,0.360975,1339,1715,0.780758,1451,3409,4860,500,209,578,842,1530,6825
231,1627756,00,0,170,42,3560.0,500,1246,0.401284,262,715,0.366433,58,77,0.753246,68,550,618,350,121,24,174,322,1320
232,1627832,00,0,225,76,5293.0,804,1957,0.410832,362,924,0.391774,339,404,0.839108,68,505,573,902,232,55,281,394,2309
233,1629020,00,0,28,0,116.0,14,27,0.518518,0,2,0.0,8,12,0.666666,10,22,32,5,9,2,15,14,36
234,1629216,00,0,6,0,42.0,4,19,0.210526,4,16,0.25,0,0,0.0,0,3,3,3,1,0,0,2,12
235,203943,00,0,332,171,5659.0,638,1387,0.459985,92,297,0.309764,287,415,0.691566,470,1270,1740,255,137,136,265,606,1655
236,202696,00,0,590,529,17867.0,4120,8263,0.498608,260,785,0.33121,963,1292,0.745356,1589,4444,6033,1512,507,556,1019,1493,9463
237,1629731,00,0,12,0,71.0,9,13,0.692307,2,4,0.5,0,1,0.0,3,16,19,2,2,4,3,8,20
238,1629021,00,0,80,10,1153.0,202,399,0.506265,45,144,0.3125,110,135,0.814814,68,209,277,73,33,30,94,191,559
239,203079,00,0,412,211,11670.0,2075,5037,0.411951,568,1630,0.348466,704,1018,0.691552,164,931,1095,1146,387,109,748,797,5422
240,202689,00,0,655,610,22198.0,4514,10794,0.418195,1448,4027,0.359572,2593,3096,0.837532,382,2139,2521,3555,846,258,1424,988,13069
241,1629022,00,0,70,4,885.0,132,313,0.421725,34,84,0.404761,46,63,0.730158,20,112,132,55,35,16,35,77,344
242,202322,00,0,573,561,20544.0,3942,9107,0.432853,539,1663,0.324113,2456,3144,0.78117,330,2153,2483,5282,976,396,2191,1289,10879
243,1627820,00,0,106,19,1639.0,216,508,0.425196,15,74,0.202702,102,152,0.671052,44,184,228,126,55,21,92,185,549
244,1628476,00,0,42,1,396.0,26,64,0.40625,17,41,0.414634,13,15,0.866666,4,28,32,43,14,3,7,28,82
245,202954,00,0,99,1,1558.0,186,423,0.439716,49,129,0.379844,132,144,0.916666,22,143,165,214,64,14,89,154,553
246,203933,00,0,322,226,9218.0,2023,4012,0.504237,225,643,0.349922,623,802,0.776807,440,880,1320,380,317,161,330,758,4894
247,1629023,00,0,58,57,1759.0,268,589,0.455008,86,230,0.373913,88,136,0.647058,58,258,316,123,51,44,93,158,710
248,1629139,00,0,31,0,273.0,27,80,0.3375,5,24,0.208333,10,18,0.555555,10,38,48,12,9,2,8,20,69
249,1629682,00,0,10,0,89.0,12,35,0.342857,3,17,0.17647,6,6,1.0,0,9,9,12,5,2,10,11,33
250,1628778,00,0,5,0,26.0,0,8,0.0,0,4,0.0,1,2,0.5,0,4,4,5,1,1,0,1,1
251,1629683,00,0,3,0,15.0,0,3,0.0,0,1,0.0,0,0,0.0,0,1,1,1,0,0,0,0,0
252,201566,00,0,874,857,30233.0,7194,16452,0.437272,973,3196,0.304443,4954,6192,0.800064,1465,4721,6186,7267,1530,267,3562,2248,20315
253,1629632,00,0,65,1,1674.0,312,792,0.393939,133,376,0.353723,102,129,0.790697,28,202,230,175,49,6,109,117,859
254,1628401,00,0,145,68,3335.0,489,1040,0.470192,113,315,0.35873,259,318,0.814465,70,396,466,478,110,105,178,286,1350
255,202355,00,0,404,320,10841.0,2328,4003,0.581563,8,25,0.32,912,1505,0.60598,1367,3411,4778,276,238,985,660,1072,5576
256,203952,00,0,454,454,16242.0,3304,7488,0.441239,540,1625,0.332307,1795,2451,0.732354,572,1405,1977,1065,452,278,954,981,8943
257,1629684,00,0,62,5,970.0,80,192,0.416666,21,85,0.247058,37,51,0.72549,58,107,165,62,28,33,46,149,218
258,1629140,00,0,35,5,507.0,81,135,0.6,0,4,0.0,30,53,0.566037,63,79,142,19,9,13,20,73,192
259,1629026,00,0,81,47,1858.0,156,422,0.369668,77,252,0.305555,22,43,0.511627,104,293,397,136,70,40,57,176,411
260,101150,00,0,996,118,24774.0,4633,11026,0.420188,1347,3851,0.349779,3811,4535,0.840352,391,1853,2244,3438,874,181,1735,1326,14424
261,101107,00,0,1066,828,30040.0,3919,8854,0.442624,1042,2882,0.361554,2061,2551,0.807918,1266,4245,5511,1369,823,573,1016,2146,10941
262,1629057,00,0,55,3,605.0,78,113,0.690265,0,0,0.0,23,40,0.575,61,128,189,29,29,68,30,76,179
263,1628430,00,0,9,0,28.0,1,7,0.142857,0,2,0.0,2,2,1.0,2,3,5,5,1,1,2,2,4
264,1629627,00,0,19,19,565.0,172,292,0.589041,6,13,0.461538,98,152,0.644736,55,74,129,41,16,9,51,32,448
265,1628391,00,0,101,3,1233.0,153,368,0.41576,62,187,0.33155,33,58,0.568965,57,243,300,77,23,26,51,118,401
266,1626159,00,0,241,105,6850.0,856,2053,0.41695,190,563,0.337477,279,432,0.645833,247,1048,1295,658,227,89,371,591,2181
267,1626174,00,0,113,14,1827.0,383,701,0.546362,67,182,0.368131,245,334,0.733532,148,392,540,73,49,77,110,137,1078
268,1626153,00,0,263,23,5219.0,707,1567,0.45118,166,481,0.345114,355,447,0.794183,203,605,808,756,271,98,264,305,1935
269,1629625,00,0,1,0,2.0,0,0,0.0,0,0,0.0,0,0,0.0,0,0,0,0,0,0,0,0,0
270,201152,00,0,965,687,29281.0,5459,10962,0.497993,486,1459,0.333104,1299,1940,0.669587,1931,3783,5714,1608,1407,390,1395,2116,12703
271,1629027,00,0,141,141,4624.0,1071,2505,0.427544,361,1050,0.343809,824,973,0.846865,96,460,556,1213,137,23,597,244,3327
272,203469,00,0,419,252,9613.0,1354,2637,0.513462,28,113,0.247787,875,1197,0.730994,825,1671,2496,583,285,298,452,1104,3611
273,1627790,00,0,113,27,1517.0,273,470,0.580851,0,0,0.0,128,180,0.711111,150,296,446,64,22,40,82,170,674
274,1627826,00,0,204,110,3214.0,601,1075,0.559069,0,6,0.0,279,367,0.760217,367,738,1105,187,49,159,179,396,1481
0,1628389,00,0,216,112,5515.0,862,1545,0.557928,4,35,0.114285,531,747,0.710843,448,1213,1661,618,181,191,372,505,2259
1,200746,00,0,1003,962,34518.0,7919,16118,0.491314,182,584,0.311643,3579,4414,0.810829,2684,5676,8360,1985,733,1111,1572,2473,19599
2,1629638,00,0,41,0,501.0,77,227,0.339207,40,117,0.34188,17,28,0.607142,8,72,80,74,11,7,40,46,211
3,1628960,00,0,68,2,914.0,146,354,0.412429,65,190,0.342105,75,95,0.789473,8,81,89,68,12,7,56,83,432
4,1628386,00,0,216,169,5184.0,836,1378,0.606676,11,65,0.16923,458,662,0.691842,530,1135,1665,244,108,293,257,475,2141
5,1628443,00,0,47,2,640.0,90,207,0.434782,22,63,0.349206,56,74,0.756756,14,57,71,109,24,8,43,68,258
6,202329,00,0,688,431,17264.0,1910,4542,0.420519,535,1597,0.335003,893,1199,0.744787,960,3210,4170,848,659,388,835,1273,5248
7,1626147,00,0,219,23,2874.0,409,979,0.417773,138,460,0.3,201,259,0.776061,136,420,556,143,97,69,129,258,1157
8,203937,00,0,359,160,7023.0,781,1587,0.492123,74,241,0.307053,300,430,0.697674,249,1179,1428,704,341,190,315,499,1936
9,201583,00,0,649,289,16768.0,2755,6533,0.421705,1325,3491,0.379547,1166,1366,0.853587,1247,2166,3413,586,332,217,606,1263,8001
10,203507,00,0,522,457,16983.0,3811,7258,0.525075,303,1065,0.284507,2510,3467,0.723968,878,3749,4627,2250,618,684,1437,1567,10435
11,1628961,00,0,5,0,16.0,0,3,0.0,0,0,0.0,2,4,0.5,0,2,2,1,2,0,1,0,2
12,203648,00,0,20,2,99.0,22,40,0.55,0,8,0.0,7,15,0.466666,11,9,20,9,6,2,11,15,51
13,2546,00,0,1114,1106,39751.0,9426,21040,0.448003,1434,4119,0.348142,6028,7424,0.811961,1879,5372,7251,3244,1121,550,2919,3204,26314
14,1628384,00,0,204,130,4730.0,613,1277,0.480031,222,614,0.361563,134,210,0.638095,176,546,722,201,186,78,175,425,1582
15,1627853,00,0,163,36,3195.0,294,679,0.432989,144,386,0.373056,121,146,0.828767,48,306,354,400,105,7,113,285,853
16,2772,00,0,1064,731,31652.0,4003,9464,0.422971,1535,4362,0.351902,1674,2288,0.731643,1044,4086,5130,2297,1584,331,1441,2130,11215
17,201571,00,0,856,313,20635.0,2737,6641,0.412136,1101,2903,0.379262,1864,2156,0.864564,257,1373,1630,3427,518,30,1290,1236,8439
18,1629028,00,0,101,95,3179.0,764,1335,0.572284,0,7,0.0,201,267,0.752808,346,743,1089,182,83,118,197,306,1729
19,1628407,00,0,135,30,2159.0,279,693,0.402597,68,197,0.345177,89,124,0.717741,27,286,313,137,51,9,78,170,715
20,1628963,00,0,75,10,1901.0,434,873,0.497136,34,118,0.288135,206,293,0.703071,191,377,568,72,39,71,116,163,1108
21,1628366,00,0,155,142,5019.0,647,1648,0.392597,304,886,0.343115,90,186,0.48387,186,773,959,1023,237,92,411,341,1688
22,1628964,00,0,107,1,1634.0,249,525,0.474285,58,174,0.333333,68,109,0.623853,162,370,532,81,35,149,85,217,624
23,200826,00,0,828,106,16227.0,2821,6657,0.423764,816,2321,0.351572,929,1170,0.794017,253,1490,1743,3257,330,24,1261,1166,7387
24,203084,00,0,604,543,18823.0,3051,6822,0.447229,751,2003,0.374937,1410,1771,0.79616,601,2350,2951,982,421,115,711,1006,8263
25,1629628,00,0,56,55,1704.0,292,727,0.40165,63,197,0.319796,156,254,0.614173,50,229,279,143,55,17,124,122,803
26,203115,00,0,496,161,12111.0,2035,4693,0.433624,572,1649,0.346876,850,1082,0.785582,373,1716,2089,1248,371,205,677,785,5492
27,1628966,00,0,69,3,1169.0,149,350,0.425714,44,146,0.301369,67,97,0.690721,37,158,195,47,35,35,28,67,409
28,201587,00,0,789,714,24732.0,3245,7470,0.434404,1247,3496,0.356693,1381,1642,0.841047,835,3302,4137,2967,747,500,1449,1398,9118
29,203382,00,0,469,137,7390.0,1109,2239,0.49531,84,257,0.326848,489,611,0.800327,718,1405,2123,374,101,232,399,1045,2791
30,203145,00,0,547,278,11584.0,1693,4098,0.413128,584,1667,0.350329,791,1090,0.725688,195,1562,1757,1004,560,266,796,1096,4761
31,1629647,00,0,53,8,909.0,88,230,0.382608,30,100,0.3,32,47,0.680851,21,175,196,29,20,35,40,45,238
32,203078,00,0,545,511,18832.0,4162,9204,0.452194,1241,3268,0.379742,1860,2306,0.806591,450,1719,2169,2171,622,214,1241,1200,11425
33,1627736,00,0,220,33,3835.0,682,1522,0.448094,307,791,0.388116,140,175,0.8,72,364,436,214,117,25,144,239,1811
34,201158,00,0,855,219,19442.0,2932,6916,0.423944,1206,3207,0.376052,1240,1468,0.844686,184,1576,1760,1424,486,65,847,1218,8310
35,1628395,00,0,154,16,1854.0,250,444,0.563063,4,18,0.222222,74,116,0.637931,145,327,472,194,58,117,114,191,578
36,1627761,00,0,189,23,3673.0,479,1070,0.447663,77,286,0.26923,138,233,0.592274,110,531,641,360,189,77,265,333,1173
37,1627733,00,0,187,67,3755.0,373,934,0.399357,183,567,0.322751,85,130,0.653846,113,607,720,237,54,106,202,372,1014
38,202722,00,0,274,32,5109.0,733,1663,0.440769,508,1235,0.411336,225,265,0.849056,98,662,760,312,118,122,170,440,2199
39,201976,00,0,428,348,12059.0,1349,3260,0.413803,688,1812,0.37969,432,567,0.761904,500,1377,1877,1491,505,191,558,1344,3818
40,203920,00,0,132,25,1999.0,215,392,0.548469,0,2,0.0,141,211,0.668246,219,331,550,107,49,71,64,201,571
41,1629048,00,0,49,2,410.0,61,129,0.472868,6,36,0.166666,24,33,0.727272,22,74,96,21,6,32,25,57,152
42,202687,00,0,636,271,12865.0,1232,2367,0.52049,0,2,0.0,809,1408,0.574573,1255,2713,3968,338,159,852,577,1408,3273
43,202357,00,0,333,153,7245.0,1003,2159,0.464566,408,1037,0.393442,251,326,0.769938,391,1193,1584,573,224,146,332,839,2665
44,202339,00,0,626,464,17425.0,3170,6930,0.457431,678,2013,0.33681,1881,2365,0.795348,511,1977,2488,3026,900,300,1650,1288,8899
45,203992,00,0,201,89,5632.0,982,2274,0.431838,400,1081,0.370027,310,386,0.803108,88,549,637,694,198,45,331,429,2674
46,202711,00,0,462,345,13172.0,2305,5008,0.460263,872,2215,0.393679,1088,1268,0.858044,225,1382,1607,689,255,37,723,746,6570
47,1628413,00,0,51,10,686.0,84,173,0.485549,34,100,0.34,15,31,0.48387,50,124,174,40,20,41,38,109,217
48,1629648,00,0,10,0,53.0,5,20,0.25,2,10,0.2,0,0,0.0,0,4,4,8,1,0,2,6,12
49,1629067,00,0,80,41,1146.0,101,217,0.465437,22,63,0.349206,61,79,0.772151,70,138,208,76,46,25,47,145,285
50,1626164,00,0,334,309,11187.0,2558,5725,0.446812,654,1842,0.355048,1669,1922,0.868366,165,1038,1203,1562,264,84,1103,1023,7439
51,1628449,00,0,84,0,888.0,153,337,0.454005,40,137,0.29197,95,118,0.805084,110,189,299,25,26,77,30,135,441
52,1628968,00,0,5,1,29.0,2,9,0.222222,0,2,0.0,0,0,0.0,1,6,7,0,0,1,1,2,4
53,1629065,00,0,45,12,1015.0,134,321,0.417445,33,107,0.308411,34,41,0.829268,24,97,121,131,44,10,70,102,335
54,202340,00,0,571,493,16144.0,2702,6195,0.436158,744,2042,0.364348,564,723,0.780082,358,1312,1670,1012,581,116,802,1254,6712
55,1628396,00,0,62,2,600.0,114,182,0.626373,1,2,0.5,29,44,0.65909,103,139,242,19,14,27,26,105,258
56,1629714,00,0,5,0,13.0,0,0,0.0,0,0,0.0,0,0,0.0,0,5,5,1,0,2,2,2,0
57,1629649,00,0,9,0,53.0,6,22,0.272727,1,9,0.111111,4,5,0.8,2,3,5,4,0,1,2,3,17
58,1628969,00,0,147,80,4190.0,452,970,0.465979,161,472,0.341101,184,223,0.825112,115,408,523,288,222,77,135,343,1249
59,1628970,00,0,145,89,3692.0,556,1264,0.439873,164,500,0.328,164,208,0.788461,155,530,685,209,95,97,145,243,1440
60,1629052,00,0,19,0,135.0,13,36,0.361111,3,15,0.2,8,10,0.8,9,17,26,7,4,1,7,18,37
61,1629151,00,0,59,1,634.0,79,185,0.427027,58,144,0.402777,22,27,0.814814,13,93,106,33,11,8,22,50,238
62,1627763,00,0,235,160,6722.0,1201,2545,0.471905,305,793,0.384615,470,525,0.895238,175,708,883,1017,204,46,385,458,3177
63,1628415,00,0,165,139,4531.0,761,1819,0.418361,241,662,0.364048,290,374,0.775401,119,382,501,279,140,46,251,529,2053
64,1628971,00,0,132,99,3083.0,323,761,0.424441,57,189,0.301587,133,179,0.743016,109,350,459,321,103,65,146,340,836
65,1627759,00,0,272,165,7108.0,1311,2789,0.47006,369,997,0.37011,527,775,0.68,230,967,1197,387,230,92,407,660,3518
66,1629650,00,0,9,0,33.0,4,10,0.4,0,0,0.0,3,8,0.375,3,11,14,1,1,1,3,7,11
67,1628425,00,0,157,12,2476.0,307,735,0.417687,121,352,0.34375,77,101,0.762376,84,408,492,155,78,28,107,213,812
68,1629718,00,0,10,0,40.0,6,19,0.315789,3,9,0.333333,5,5,1.0,2,2,4,2,2,2,3,3,20
69,1628972,00,0,113,24,2249.0,326,740,0.44054,72,214,0.336448,118,161,0.732919,99,371,470,222,97,11,95,166,842
70,1628973,00,0,130,54,2613.0,445,953,0.466946,106,301,0.352159,148,195,0.758974,47,256,303,418,59,8,154,201,1144
71,1628418,00,0,125,81,2469.0,501,830,0.603614,56,163,0.343558,182,241,0.755186,191,540,731,169,40,102,110,217,1240
72,203493,00,0,301,138,5924.0,766,1781,0.430095,397,1030,0.385436,161,195,0.825641,101,530,631,342,159,38,170,331,2090
73,203504,00,0,386,128,8857.0,1577,3850,0.40961,464,1354,0.342688,453,568,0.797535,149,627,776,1354,217,44,487,526,4071
74,202692,00,0,488,85,10663.0,1698,4047,0.41957,389,1086,0.358195,1195,1509,0.791915,297,1269,1566,900,318,92,622,859,4980
75,1629126,00,0,66,0,524.0,72,187,0.385026,18,73,0.246575,14,24,0.583333,10,66,76,20,11,18,23,59,176
76,202710,00,0,577,472,19080.0,3190,7030,0.453769,504,1512,0.333333,2939,3521,0.834706,866,2070,2936,2136,914,275,883,830,9823
77,203998,00,0,96,20,1232.0,148,373,0.396782,60,191,0.314136,51,61,0.836065,78,169,247,71,33,56,61,123,407
78,203484,00,0,533,391,15583.0,2230,5340,0.417602,876,2506,0.349561,860,1079,0.797034,354,1344,1698,872,599,101,530,990,6196
79,1628427,00,0,14,0,45.0,6,15,0.4,1,6,0.166666,4,4,1.0,5,5,10,3,1,1,3,7,17
80,203991,00,0,334,274,8674.0,1766,2785,0.634111,0,2,0.0,543,1033,0.525653,1089,2154,3243,324,229,491,412,838,4075
81,201960,00,0,575,339,13615.0,1802,4192,0.429866,657,1833,0.358428,875,1182,0.74027,654,1792,2446,719,520,150,497,1123,5136
82,1628975,00,0,89,5,1330.0,138,390,0.353846,80,219,0.365296,47,57,0.824561,39,125,164,134,64,24,64,131,403
83,1713,00,0,1541,982,46371.0,9293,21339,0.435493,2290,6168,0.371271,4852,6082,0.797763,1658,4948,6606,4714,1530,888,2590,3995,25728
84,1628976,00,0,87,87,2366.0,363,714,0.508403,12,61,0.196721,201,264,0.761363,226,486,712,129,59,94,137,314,939
85,203487,00,0,357,192,9039.0,1381,3428,0.402858,165,645,0.255813,801,1126,0.711367,337,1230,1567,1565,468,195,839,869,3728
86,1627936,00,0,120,12,2125.0,237,549,0.431693,75,200,0.375,130,170,0.764705,49,195,244,254,107,36,130,191,679
87,1626161,00,0,349,237,8186.0,1421,2636,0.539074,4,19,0.210526,515,843,0.610913,615,1579,2194,553,322,289,348,826,3361
88,2199,00,0,1160,886,31618.0,3558,5964,0.596579,0,11,0.0,2393,3714,0.644318,3529,6938,10467,967,630,1335,1656,3268,9509
89,201163,00,0,676,483,20286.0,3270,7382,0.442969,874,2560,0.341406,1049,1363,0.769625,766,2808,3574,1205,470,414,931,1807,8463
90,1629597,00,0,3,0,31.0,2,5,0.4,0,1,0.0,0,0,0.0,1,5,6,2,0,1,3,5,4
91,1629185,00,0,28,0,281.0,34,87,0.390804,20,46,0.434782,2,2,1.0,7,32,39,52,16,3,18,25,90
92,1627737,00,0,256,147,4965.0,763,1674,0.455794,152,525,0.289523,361,540,0.668518,326,924,1250,279,174,213,329,671,2039
93,1629109,00,0,86,3,1066.0,88,252,0.349206,69,224,0.308035,15,16,0.9375,51,150,201,33,25,40,12,78,260
94,1629634,00,0,50,3,1086.0,254,408,0.622549,21,52,0.403846,73,93,0.784946,78,214,292,72,26,42,46,82,602
95,203903,00,0,445,138,12053.0,2528,5652,0.447275,652,1913,0.340825,865,1057,0.818353,384,1020,1404,1152,385,61,739,738,6573
96,1629651,00,0,15,0,187.0,27,48,0.5625,1,7,0.142857,11,21,0.523809,19,25,44,16,1,8,9,14,66
97,1629598,00,0,29,0,251.0,51,126,0.404761,33,94,0.351063,6,7,0.857142,3,20,23,22,6,5,17,20,141
98,1628499,00,0,23,0,145.0,10,27,0.37037,3,5,0.6,5,8,0.625,3,14,17,2,8,6,8,25,28
99,1629599,00,0,13,0,98.0,13,33,0.393939,1,7,0.142857,1,3,0.333333,4,10,14,9,1,1,3,12,28
100,1628381,00,0,176,126,4976.0,1132,1981,0.571428,130,352,0.369318,456,602,0.757475,511,1041,1552,279,100,185,300,552,2850
101,1628380,00,0,146,4,2488.0,313,708,0.44209,78,241,0.323651,127,174,0.729885,158,399,557,129,42,99,141,318,831
102,201144,00,0,829,793,26870.0,4379,9970,0.439217,1166,3107,0.375281,2376,2905,0.8179,367,2093,2460,4687,1192,166,1662,1640,12300
103,1626192,00,0,277,9,4328.0,497,1122,0.442959,206,601,0.342762,105,134,0.783582,174,588,762,346,84,79,150,290,1305
104,1626188,00,0,159,28,2395.0,435,930,0.467741,163,396,0.411616,50,65,0.76923,40,246,286,271,47,5,120,187,1083
105,1629076,00,0,11,0,35.0,7,10,0.7,0,0,0.0,5,6,0.833333,4,6,10,1,1,0,1,4,19
106,202326,00,0,565,543,18079.0,4283,9295,0.460785,342,1031,0.331716,3098,4205,0.736741,1565,4566,6131,1832,805,697,2000,2175,12006
107,203496,00,0,388,340,11612.0,1652,4060,0.406896,914,2550,0.358431,731,901,0.81132,361,1838,2199,580,637,339,669,1187,4949
108,203459,00,0,381,113,9125.0,1226,2888,0.424515,617,1596,0.386591,384,462,0.831168,109,964,1073,434,223,104,285,764,3453
109,1628470,00,0,164,61,3001.0,318,707,0.449787,114,355,0.321126,91,136,0.669117,177,369,546,131,67,93,86,350,841
110,203109,00,0,601,290,14847.0,1979,4722,0.419102,849,2526,0.336104,932,1197,0.778613,438,2036,2474,921,588,194,523,1207,5739
111,1629633,00,0,63,35,1506.0,230,569,0.404217,66,221,0.298642,54,117,0.461538,70,142,212,110,57,38,81,125,580
112,203552,00,0,251,73,5589.0,919,1930,0.476165,437,986,0.443204,248,294,0.843537,87,414,501,442,175,30,249,367,2523
113,201939,00,0,699,693,23999.0,5682,11931,0.476238,2495,5739,0.434744,2560,2827,0.905553,490,2668,3158,4621,1205,156,2179,1732,16419
114,203584,00,0,334,20,4970.0,757,1887,0.401165,549,1385,0.396389,143,179,0.798882,74,366,440,182,97,21,184,422,2206
115,203076,00,0,521,516,17997.0,4661,9024,0.516511,246,770,0.31948,2958,3691,0.801408,1332,4090,5422,1154,721,1255,1004,1244,12526
116,202334,00,0,665,95,13221.0,1735,3056,0.567735,0,4,0.0,727,1248,0.582532,1524,2903,4427,507,332,544,520,1654,4197
117,1629056,00,0,64,2,1087.0,181,391,0.462915,88,222,0.396396,45,52,0.865384,46,171,217,107,32,12,65,104,495
118,201942,00,0,813,801,27765.0,5850,12801,0.456995,340,1203,0.282626,4243,5119,0.828872,607,2938,3545,2893,803,235,1669,1840,16283
119,203473,00,0,394,194,7195.0,1000,1939,0.515729,155,466,0.332618,366,500,0.732,617,1747,2364,273,216,342,388,1005,2521
120,203521,00,0,434,92,8850.0,863,2217,0.389264,396,1075,0.368372,305,364,0.837912,161,613,774,1591,202,20,546,824,2427
121,1628978,00,0,86,22,1773.0,259,576,0.449652,98,304,0.322368,69,90,0.766666,75,279,354,167,93,24,91,135,685
122,1627767,00,0,177,3,2142.0,395,660,0.598484,2,6,0.333333,147,191,0.769633,173,570,743,78,54,73,114,266,939
123,1628977,00,0,89,6,1225.0,174,384,0.453125,11,59,0.18644,64,104,0.615384,67,152,219,39,49,18,60,159,423
124,203476,00,0,510,204,11260.0,1545,3087,0.500485,113,329,0.343465,819,1043,0.785234,945,2203,3148,700,424,503,598,1162,4022
125,203915,00,0,317,130,8163.0,1318,3212,0.410336,439,1379,0.318346,1028,1296,0.793209,133,742,875,1578,214,90,560,745,4103
126,1629029,00,0,126,126,4117.0,1018,2297,0.443186,324,1005,0.322388,715,976,0.732581,155,910,1065,899,136,35,474,271,3075
127,1629652,00,0,29,21,637.0,65,157,0.414012,22,73,0.301369,28,36,0.777777,15,39,54,21,23,2,15,78,180
128,1628422,00,0,165,42,3314.0,482,1149,0.419495,207,573,0.361256,111,154,0.720779,53,384,437,223,93,16,109,213,1282
129,1629635,00,0,38,19,754.0,92,236,0.38983,28,98,0.285714,31,46,0.673913,20,98,118,19,20,8,35,80,243
130,1628408,00,0,29,0,288.0,45,114,0.394736,9,36,0.25,8,13,0.615384,11,37,48,34,9,5,12,30,107
131,201609,00,0,812,509,22767.0,4138,8927,0.463537,985,2704,0.364275,2028,2658,0.762979,586,1894,2480,3921,802,149,1838,1877,11289
132,203083,00,0,599,548,18589.0,3661,6760,0.541568,15,103,0.145631,1334,2894,0.460953,2858,5430,8288,778,835,938,1172,1907,8671
133,201162,00,0,887,286,19983.0,2402,5178,0.463885,879,2233,0.39364,934,1276,0.731974,800,2019,2819,1381,706,166,759,1624,6617
134,1627739,00,0,227,126,5516.0,771,1827,0.422003,127,415,0.306024,215,296,0.726351,90,670,760,948,351,101,411,676,1884
135,201142,00,0,849,849,31304.0,7814,15859,0.492717,1570,4122,0.380883,5742,6506,0.882569,617,5375,5992,3486,948,941,2653,1618,22940
136,1629035,00,0,35,0,316.0,37,113,0.327433,21,68,0.308823,11,13,0.846153,6,37,43,22,10,3,15,33,106
137,1627740,00,0,81,2,749.0,116,312,0.371794,47,137,0.343065,48,62,0.774193,25,169,194,44,13,3,41,56,327
138,201961,00,0,681,166,14279.0,1986,4866,0.408138,1016,2689,0.377835,473,559,0.846153,216,1265,1481,755,371,52,456,783,5461
139,203954,00,0,202,202,6181.0,1622,3385,0.479172,237,736,0.32201,1383,1742,0.793915,486,1838,2324,636,151,367,712,683,4864
140,203516,00,0,339,95,6768.0,749,1653,0.453115,261,738,0.353658,408,513,0.795321,335,747,1082,299,204,102,250,675,2167
141,1629234,00,0,37,3,244.0,36,54,0.666666,1,1,1.0,19,24,0.791666,14,55,69,12,4,11,18,32,92
142,1628980,00,0,59,2,622.0,63,187,0.336898,17,54,0.314814,25,30,0.833333,15,51,66,54,16,15,36,69,168
143,203957,00,0,239,69,4429.0,499,1226,0.407014,165,536,0.307835,203,265,0.766037,89,335,424,502,97,42,301,420,1366
144,1629605,00,0,6,0,24.0,9,12,0.75,0,0,0.0,1,3,0.333333,0,11,11,0,0,2,3,5,19
145,202324,00,0,677,479,17357.0,3151,5948,0.529757,36,174,0.206896,1397,2111,0.661771,1721,3271,4992,776,523,857,946,1763,7735
146,1626245,00,0,234,20,3470.0,424,741,0.572199,0,12,0.0,207,305,0.678688,371,595,966,174,68,50,151,348,1055
147,1628390,00,0,185,123,3864.0,329,799,0.411764,192,565,0.339823,61,80,0.7625,75,186,261,136,90,42,88,458,911
148,1628981,00,0,56,13,713.0,103,199,0.517587,5,37,0.135135,29,51,0.568627,67,131,198,49,18,17,42,107,240
149,1627812,00,0,243,53,5030.0,691,1645,0.42006,275,753,0.365205,248,296,0.837837,65,452,517,569,156,26,213,338,1905
150,1627827,00,0,247,135,5974.0,612,1439,0.425295,254,777,0.326898,200,276,0.724637,340,698,1038,285,175,102,203,508,1678
151,1627854,00,0,261,155,5674.0,848,1968,0.430894,430,1075,0.4,197,246,0.800813,44,454,498,386,107,6,185,400,2323
152,203095,00,0,518,376,14714.0,2637,5870,0.449233,925,2457,0.376475,1107,1372,0.806851,223,1196,1419,1345,443,58,857,1264,7306
153,1628368,00,0,199,185,5998.0,1162,2591,0.448475,180,538,0.334572,659,918,0.717864,106,583,689,1214,267,88,541,496,3163
154,1626187,00,0,8,0,66.0,4,11,0.363636,2,8,0.25,4,6,0.666666,1,2,3,1,2,0,2,13,14
155,204025,00,0,272,81,4818.0,498,1221,0.407862,125,380,0.328947,244,332,0.734939,134,493,627,1092,188,24,360,483,1365
156,1628982,00,0,25,0,96.0,13,38,0.342105,4,13,0.307692,3,8,0.375,4,5,9,2,5,2,4,14,33
157,1628365,00,0,97,74,2493.0,430,942,0.456475,34,133,0.255639,133,199,0.668341,72,254,326,446,112,19,173,200,1027
158,1629117,00,0,28,1,211.0,20,46,0.434782,6,20,0.3,14,20,0.7,18,28,46,8,10,6,16,35,60
159,1629655,00,0,43,7,609.0,94,134,0.701492,0,0,0.0,32,60,0.533333,52,54,106,21,13,56,29,98,220
160,201568,00,0,604,534,18741.0,2960,6936,0.426758,1198,3148,0.380559,2659,3049,0.872089,447,2524,2971,1231,477,239,798,1098,9777
161,204038,00,0,405,62,9296.0,1232,3113,0.395759,601,1637,0.367135,387,478,0.809623,202,844,1046,694,295,64,250,672,3452
162,1629636,00,0,59,59,1824.0,280,699,0.400572,105,296,0.354729,63,72,0.875,27,84,111,229,42,4,151,92,728
163,201188,00,0,831,816,27556.0,4527,9401,0.481544,375,1054,0.355787,2767,3562,0.77681,1371,4971,6342,2864,760,1191,1686,2413,12196
0,200752,00,0,939,777,31175.0,6096,13383,0.455503,961,2783,0.34531,2909,3645,0.798079,1312,4223,5535,2066,1133,716,2086,2232,16062
1,202331,00,0,646,598,21646.0,4349,10046,0.432908,1566,4124,0.379728,2599,3072,0.846028,585,3547,4132,2162,1127,287,1671,1738,12863
2,201959,00,0,799,440,20095.0,3166,6147,0.515047,26,118,0.220338,1260,1776,0.709459,1851,3147,4998,812,450,838,940,2020,7618
3,1628385,00,0,96,17,1399.0,291,555,0.524324,0,6,0.0,91,134,0.679104,99,282,381,134,52,36,108,250,673
4,1628983,00,0,145,136,4388.0,783,1651,0.474258,129,361,0.35734,410,512,0.800781,102,514,616,478,166,90,258,283,2105
5,203497,00,0,468,376,13803.0,2010,3142,0.639719,0,3,0.0,1438,2285,0.629321,1523,3602,5125,638,323,1019,761,1221,5458
6,1629164,00,0,50,1,488.0,82,213,0.384976,28,93,0.301075,37,41,0.902439,12,63,75,65,12,4,32,50,229
7,203932,00,0,399,310,11413.0,1919,4289,0.447423,436,1372,0.317784,808,1152,0.701388,635,1918,2553,951,311,254,556,807,5082
8,201569,00,0,663,509,21757.0,3733,8783,0.425025,1549,4186,0.370043,1976,2436,0.811165,274,1360,1634,1894,598,226,1306,1312,10991
9,1628984,00,0,109,56,2887.0,442,1179,0.374893,252,706,0.35694,226,279,0.810035,52,223,275,592,85,17,211,163,1362
10,1626203,00,0,180,44,2883.0,266,694,0.383285,120,360,0.333333,105,152,0.690789,121,279,400,144,76,16,76,297,757
11,203924,00,0,447,167,10910.0,1443,3116,0.463093,362,1041,0.347742,863,1295,0.666409,421,1306,1727,475,263,503,415,1018,4111
12,1627982,00,0,7,0,109.0,12,43,0.279069,3,13,0.230769,7,11,0.636363,3,9,12,14,8,2,12,9,34
13,201980,00,0,681,605,17296.0,2155,5083,0.423962,1276,3177,0.401636,491,606,0.810231,404,1971,2375,1083,685,535,694,1200,6077
14,203110,00,0,576,428,16200.0,1875,4307,0.435337,521,1632,0.31924,899,1267,0.70955,648,3318,3966,2855,789,609,1187,1592,5170
15,101123,00,0,658,118,13026.0,2312,5546,0.416877,962,2668,0.360569,826,1010,0.817821,318,1321,1639,596,335,199,721,1228,6412
16,203210,00,0,354,151,7753.0,1085,2308,0.470103,258,703,0.366998,437,570,0.766666,651,1532,2183,327,200,151,399,954,2865
17,1629750,00,0,44,1,414.0,49,98,0.5,6,23,0.260869,23,36,0.638888,18,62,80,23,23,7,18,37,127
18,201145,00,0,900,544,26575.0,4234,9599,0.441087,919,2750,0.334181,2270,2821,0.804679,832,3156,3988,1403,650,481,1350,1974,11657
19,201933,00,0,622,622,21672.0,5049,10134,0.498223,407,1223,0.332788,2974,4283,0.694373,1345,4156,5501,2749,553,321,1617,1777,13479
20,1629741,00,0,42,0,476.0,61,154,0.396103,25,81,0.308641,23,25,0.92,14,57,71,45,12,8,36,34,170
21,1629657,00,0,2,0,4.0,1,2,0.5,0,1,0.0,0,0,0.0,0,0,0,0,0,0,0,0,2
22,1629060,00,0,41,41,1217.0,218,456,0.47807,20,73,0.273972,92,111,0.828828,63,185,248,70,34,7,41,89,548
23,1628985,00,0,5,0,20.0,1,5,0.2,0,2,0.0,3,4,0.75,0,1,1,3,0,0,1,1,5
24,203501,00,0,466,229,12331.0,2198,5222,0.420911,925,2614,0.353863,944,1160,0.813793,161,1070,1231,864,295,66,516,783,6265
25,201935,00,0,826,613,28346.0,6102,13797,0.44227,2296,6320,0.363291,6223,7255,0.857753,646,3742,4388,5193,1295,436,3043,2183,20723
26,203090,00,0,537,325,12383.0,1534,3208,0.478179,324,997,0.324974,456,745,0.61208,633,1364,1997,505,524,355,468,1102,3848
27,1629607,00,0,3,0,8.0,1,4,0.25,0,2,0.0,0,0,0.0,0,0,0,0,0,0,0,0,2
28,1626149,00,0,318,25,6643.0,1648,2683,0.614237,5,50,0.1,736,1154,0.637781,556,1014,1570,424,177,287,369,718,4037
29,203914,00,0,368,306,10664.0,1673,3683,0.454249,541,1501,0.360426,572,712,0.80337,227,734,961,779,460,81,459,654,4459
30,203925,00,0,325,165,7861.0,1214,2560,0.474218,602,1422,0.423347,302,384,0.786458,186,828,1014,521,148,63,388,657,3332
31,202699,00,0,611,491,18836.0,3681,7819,0.470776,804,2210,0.3638,1528,1863,0.820182,604,3086,3690,1234,451,297,847,1224,9694
32,1627885,00,0,139,23,2299.0,320,715,0.447552,46,157,0.292993,149,211,0.706161,64,305,369,243,149,56,101,221,835
33,1628404,00,0,187,59,4739.0,565,1320,0.42803,281,796,0.353015,189,265,0.713207,131,750,881,267,170,77,170,398,1600
34,1628392,00,0,51,2,487.0,64,108,0.592592,2,11,0.181818,30,42,0.714285,50,87,137,33,16,24,29,97,160
35,2617,00,0,857,499,21540.0,2640,5395,0.489341,4,57,0.070175,1232,1631,0.755364,1606,4140,5746,729,422,249,803,2040,6516
36,1629637,00,0,56,12,951.0,155,235,0.659574,1,4,0.25,109,173,0.630057,82,141,223,51,23,53,41,142,420
37,202330,00,0,634,472,19532.0,3323,7373,0.450698,840,2294,0.366172,2196,2670,0.822471,473,2293,2766,2191,624,258,1243,1109,9682
38,203089,00,0,445,160,8752.0,1438,2661,0.540398,20,80,0.25,487,857,0.568261,802,1566,2368,496,211,642,496,998,3383
39,1629608,00,0,4,0,11.0,1,5,0.2,0,1,0.0,2,2,1.0,2,5,7,0,1,0,1,6,4
40,1627823,00,0,205,51,3311.0,368,860,0.427906,170,473,0.359408,177,245,0.722448,168,535,703,136,82,48,109,245,1083
41,1626195,00,0,209,26,3006.0,564,1063,0.530573,29,88,0.329545,287,418,0.686602,391,739,1130,218,85,79,223,344,1444
42,1629639,00,0,47,6,1280.0,220,532,0.413533,99,253,0.391304,66,79,0.835443,14,173,187,91,30,7,72,59,605
43,1628987,00,0,7,0,20.0,1,11,0.090909,0,8,0.0,0,0,0.0,0,2,2,1,0,0,0,1,2
44,1626209,00,0,324,69,6003.0,843,2018,0.41774,263,819,0.321123,304,374,0.812834,143,861,1004,407,235,80,366,534,2253
45,1627741,00,0,308,194,8572.0,1822,4122,0.442018,846,2056,0.411478,418,481,0.869022,253,1041,1294,678,241,81,521,615,4908
46,201588,00,0,778,447,21575.0,3070,6715,0.457185,952,2475,0.384646,1570,1956,0.802658,459,1948,2407,2475,710,215,977,1594,8662
47,203524,00,0,359,172,7905.0,723,1827,0.39573,288,853,0.337631,360,450,0.8,239,912,1151,569,246,86,330,626,2094
48,1629658,00,0,13,0,103.0,15,32,0.46875,0,3,0.0,8,13,0.615384,14,18,32,4,5,0,4,12,38
49,1628988,00,0,108,26,2014.0,307,758,0.405013,123,330,0.372727,103,122,0.844262,26,173,199,280,66,26,115,173,840
50,201950,00,0,707,634,23507.0,4430,9791,0.452456,920,2592,0.354938,1444,1859,0.776761,610,2157,2767,4529,1056,360,1939,1620,11224
51,203200,00,0,422,164,9700.0,1208,3040,0.397368,617,1705,0.361876,412,499,0.825651,158,1064,1222,607,416,177,380,648,3445
52,1626178,00,0,286,152,6530.0,979,2186,0.447849,43,201,0.21393,689,933,0.738478,421,1208,1629,550,274,157,380,595,2690
53,1626158,00,0,265,57,4950.0,911,1561,0.5836,39,152,0.256578,368,508,0.724409,446,867,1313,251,162,258,213,671,2229
54,203918,00,0,341,248,9325.0,1536,3606,0.425956,583,1566,0.372286,592,706,0.838526,120,860,980,645,262,67,379,750,4247
55,201143,00,0,846,839,27634.0,4967,9557,0.519723,454,1256,0.361464,1426,1891,0.754098,1787,5223,7010,2792,688,1002,1329,1929,11814
56,1629659,00,0,2,0,5.0,0,1,0.0,0,1,0.0,0,0,0.0,0,0,0,2,1,0,0,0,0
57,1627863,00,0,121,63,3121.0,380,863,0.440324,202,547,0.369287,149,187,0.796791,94,369,463,143,92,49,95,222,1111
58,2730,00,0,1106,1045,37177.0,6725,11474,0.586107,9,68,0.132352,5123,9065,0.56514,3827,9814,13641,1577,1013,2127,3132,3575,18582
59,1629739,00,0,2,0,13.0,0,4,0.0,0,4,0.0,0,0,0.0,0,2,2,1,0,0,1,1,0
60,1628989,00,0,131,107,3809.0,527,1267,0.415943,263,687,0.382823,94,120,0.783333,95,378,473,427,116,52,196,294,1411
61,1629631,00,0,63,62,2018.0,280,683,0.409956,108,304,0.355263,110,144,0.763888,44,242,286,112,44,18,103,182,778
62,1628990,00,0,72,24,1421.0,176,384,0.458333,26,88,0.295454,69,116,0.594827,49,244,293,60,50,13,52,106,447
63,201586,00,0,803,646,23002.0,4195,8154,0.514471,528,1461,0.361396,1181,1554,0.759974,1734,4172,5906,618,347,1668,1080,2264,10099
64,2738,00,0,1122,779,37293.0,4867,10449,0.465786,998,2990,0.333779,2785,3926,0.709373,1049,4635,5684,4849,1671,568,2127,2038,13517
65,101141,00,0,801,423,18720.0,3093,6970,0.443758,861,2355,0.365605,1220,1573,0.775588,1388,3218,4606,902,549,287,782,1957,8267
66,204060,00,0,470,260,11948.0,1387,3110,0.44598,792,1948,0.40657,311,416,0.747596,146,1371,1517,1695,468,71,746,878,3877
67,1627742,00,0,246,207,7933.0,1465,3182,0.460402,264,740,0.356756,803,1115,0.720179,207,1040,1247,791,179,147,568,632,3997
68,202681,00,0,528,528,17827.0,4346,9332,0.465709,1119,2870,0.389895,2031,2316,0.876943,407,1548,1955,3013,699,187,1394,1171,11842
69,1628371,00,0,134,106,3480.0,466,1078,0.432282,132,403,0.327543,185,233,0.793991,172,560,732,142,142,206,149,270,1249
70,1628411,00,0,175,43,3064.0,283,686,0.412536,59,192,0.307291,180,226,0.79646,96,338,434,176,86,45,92,266,805
71,1628402,00,0,112,17,1825.0,293,704,0.416193,92,289,0.318339,102,137,0.744525,44,161,205,110,40,6,91,159,780
72,1628367,00,0,174,64,4304.0,804,1928,0.417012,153,514,0.297665,349,536,0.651119,172,584,756,333,172,100,344,466,2110
73,1628382,00,0,207,57,4049.0,526,1215,0.432921,189,581,0.325301,124,159,0.779874,98,443,541,219,72,37,81,238,1365
74,202704,00,0,553,343,13934.0,2653,6198,0.428041,647,1923,0.336453,1176,1372,0.857142,302,1332,1634,2431,387,66,1067,1075,7129
75,1628991,00,0,112,110,3027.0,626,1290,0.485271,186,482,0.385892,274,363,0.75482,126,400,526,140,88,169,192,439,1712
76,1629713,00,0,34,0,218.0,33,78,0.423076,9,26,0.346153,10,21,0.47619,6,24,30,16,6,9,8,16,85
77,2544,00,0,1258,1257,48328.0,12424,24654,0.503934,1860,5409,0.343871,7379,10044,0.734667,1502,7851,9353,9298,2011,951,4402,2313,34087
78,1628518,00,0,30,0,143.0,15,30,0.5,0,0,0.0,12,22,0.545454,16,28,44,7,4,6,4,15,42
79,1629610,00,0,6,0,19.0,3,7,0.428571,1,4,0.25,0,0,0.0,1,0,1,1,1,0,0,3,7
80,1629660,00,0,28,0,315.0,37,106,0.349056,13,47,0.276595,11,14,0.785714,6,35,41,43,14,3,18,28,98
81,1628993,00,0,27,0,118.0,11,31,0.354838,1,2,0.5,8,14,0.571428,11,26,37,3,1,3,3,13,31
82,1629168,00,0,15,0,96.0,14,36,0.388888,4,13,0.307692,4,4,1.0,3,11,14,2,4,0,5,4,36
